{"cameraMode":{"drawMode":0,"name":"Shaded","section":"Shading Mode"},"sceneLighting":false,"audioPlay":false,"sceneViewState":{"m_AlwaysRefresh":false,"showFog":true,"showSkybox":false,"showFlares":true,"showImageEffects":true,"showParticleSystems":true,"showVisualEffectGraphs":true,"m_FxEnabled":true},"in2DMode":false,"pivot":{"x":-0.0012224912643432618,"y":1.0073739290237427,"z":-0.03173401579260826},"rotation":{"x":-0.1415756195783615,"y":0.7649503350257874,"z":-0.20864787697792054,"w":-0.596541702747345},"size":1.8074477910995484,"orthographic":false}