{"cameraMode":{"drawMode":0,"name":"Shaded","section":"Shading Mode"},"sceneLighting":false,"audioPlay":false,"sceneViewState":{"m_AlwaysRefresh":false,"showFog":true,"showSkybox":false,"showFlares":true,"showImageEffects":true,"showParticleSystems":true,"showVisualEffectGraphs":true,"m_FxEnabled":true},"in2DMode":false,"pivot":{"x":-0.21279335021972657,"y":5.983205795288086,"z":-0.35779476165771487},"rotation":{"x":-0.01872033253312111,"y":-0.9942820072174072,"z":-0.09915267676115036,"w":0.06607519835233689},"size":11.363531112670899,"orthographic":false}