{"cameraMode":{"drawMode":0,"name":"Shaded","section":"Shading Mode"},"sceneLighting":false,"audioPlay":false,"sceneViewState":{"m_AlwaysRefresh":false,"showFog":true,"showSkybox":false,"showFlares":true,"showImageEffects":true,"showParticleSystems":true,"showVisualEffectGraphs":true,"m_FxEnabled":true},"in2DMode":false,"pivot":{"x":2.486692190170288,"y":0.3967708945274353,"z":-2.4196300506591799},"rotation":{"x":-0.002648758003488183,"y":0.9806201457977295,"z":-0.19798143208026887,"w":-0.016116773709654809},"size":1.1367993354797364,"orthographic":false}