{"cameraMode":{"drawMode":0,"name":"Shaded","section":"Shading Mode"},"sceneLighting":false,"audioPlay":false,"sceneViewState":{"m_AlwaysRefresh":false,"showFog":true,"showSkybox":false,"showFlares":true,"showImageEffects":true,"showParticleSystems":true,"showVisualEffectGraphs":true,"m_FxEnabled":true},"in2DMode":false,"pivot":{"x":0.0008980035781860352,"y":0.06645499914884567,"z":-0.0010630041360855103},"rotation":{"x":-0.14873526990413667,"y":0.6800267696380615,"z":-0.14795421063899995,"w":-0.703439474105835},"size":0.11237219721078873,"orthographic":false}