{"cameraMode":{"drawMode":0,"name":"Shaded","section":"Shading Mode"},"sceneLighting":false,"audioPlay":false,"sceneViewState":{"m_AlwaysRefresh":false,"showFog":true,"showSkybox":false,"showFlares":true,"showImageEffects":true,"showParticleSystems":true,"showVisualEffectGraphs":true,"m_FxEnabled":true},"in2DMode":false,"pivot":{"x":-263.24371337890627,"y":54.58015060424805,"z":-256.74993896484377},"rotation":{"x":0.00038550616591237485,"y":-0.9042342901229858,"z":0.4292925000190735,"w":0.0201578289270401},"size":2.598076105117798,"orthographic":false}