{"cameraMode":{"drawMode":0,"name":"Shaded","section":"Shading Mode"},"sceneLighting":true,"audioPlay":false,"sceneViewState":{"m_AlwaysRefresh":false,"showFog":true,"showSkybox":true,"showFlares":true,"showImageEffects":true,"showParticleSystems":true,"showVisualEffectGraphs":true,"m_FxEnabled":true},"in2DMode":false,"pivot":{"x":-0.3969821333885193,"y":-0.2978707551956177,"z":0.2371196746826172},"rotation":{"x":-0.0016008862294256688,"y":-0.9593711495399475,"z":0.28295785188674929,"w":-0.005493457894772291},"size":56.38920974731445,"orthographic":false}