{"cameraMode":{"drawMode":0,"name":"Shaded","section":"Shading Mode"},"sceneLighting":true,"audioPlay":false,"sceneViewState":{"m_AlwaysRefresh":false,"showFog":true,"showSkybox":true,"showFlares":true,"showImageEffects":true,"showParticleSystems":true,"showVisualEffectGraphs":true,"m_FxEnabled":true},"in2DMode":false,"pivot":{"x":-196.12078857421876,"y":-4.107253074645996,"z":551.6881713867188},"rotation":{"x":-0.016452640295028688,"y":-1.0008357763290406,"z":-0.05228070542216301,"w":-0.002121022902429104},"size":93.37312316894531,"orthographic":false}