{"cameraMode":{"drawMode":0,"name":"Shaded","section":"Shading Mode"},"sceneLighting":true,"audioPlay":false,"sceneViewState":{"m_AlwaysRefresh":false,"showFog":true,"showSkybox":true,"showFlares":true,"showImageEffects":true,"showParticleSystems":true,"showVisualEffectGraphs":true,"m_FxEnabled":true},"in2DMode":false,"pivot":{"x":-187.53060913085938,"y":-36.712501525878909,"z":624.5629272460938},"rotation":{"x":0.07119442522525788,"y":0.3225556015968323,"z":-0.010946637950837613,"w":0.9461344480514526},"size":10.233241081237793,"orthographic":false}