{"cameraMode":{"drawMode":0,"name":"Shaded","section":"Shading Mode"},"sceneLighting":true,"audioPlay":false,"sceneViewState":{"m_AlwaysRefresh":false,"showFog":true,"showSkybox":true,"showFlares":true,"showImageEffects":true,"showParticleSystems":true,"showVisualEffectGraphs":true,"m_FxEnabled":true},"in2DMode":false,"pivot":{"x":-8.10014820098877,"y":19.837940216064454,"z":-102.12879943847656},"rotation":{"x":-0.022147078067064287,"y":0.9511711001396179,"z":-0.06973616778850556,"w":-0.30105096101760867},"size":10.179884910583496,"orthographic":false}