{"cameraMode":{"drawMode":0,"name":"Shaded","section":"Shading Mode"},"sceneLighting":true,"audioPlay":false,"sceneViewState":{"m_AlwaysRefresh":false,"showFog":true,"showSkybox":true,"showFlares":true,"showImageEffects":true,"showParticleSystems":true,"showVisualEffectGraphs":true,"m_FxEnabled":true},"in2DMode":false,"pivot":{"x":-182.81396484375,"y":-36.19932174682617,"z":646.273681640625},"rotation":{"x":0.045717883855104449,"y":0.21540461480617524,"z":0.0037589112762361767,"w":0.9772186279296875},"size":6.9762139320373539,"orthographic":false}