{"cameraMode":{"drawMode":0,"name":"Shaded","section":"Shading Mode"},"sceneLighting":true,"audioPlay":false,"sceneViewState":{"m_AlwaysRefresh":false,"showFog":true,"showSkybox":true,"showFlares":true,"showImageEffects":true,"showParticleSystems":true,"showVisualEffectGraphs":true,"m_FxEnabled":true},"in2DMode":false,"pivot":{"x":-90.26066589355469,"y":-11.129939079284668,"z":278.07000732421877},"rotation":{"x":-0.03169986233115196,"y":-0.9812560081481934,"z":0.12023108452558518,"w":-0.15593472123146058},"size":3.3821332454681398,"orthographic":false}